Name,MeanAnnPrismPrcp81_10_v07122019_mm,prism_in,wy81_10_calb_in,prism_adj,scale_wint,scale_summ,scale_paf
ACSC1HOF,534.675132,21.05,20.15,1.0474,1.15,1.09,-0.103
ADLC1LOF,468.736387,18.45,17.67,1.0489,1.17,1.15,-0.121
ADOC1LOF,461.330007,18.16,20.60,0.8819,1.34,1.09,-0.458
AHOC1HOF,610.453278,24.03,23.84,1.0121,1.12,1.03,-0.108
AKYC1HLF,1128.904395,44.45,48.23,0.9298,0.97,1.05,-0.04
AKYC1HUF,1289.390252,50.76,50.14,1.0218,1.06,1.09,-0.038
ALQC1HOF,593.242649,23.36,19.35,1.2135,1.03,1.08,0.183
ALRC1HOF,1074.609091,42.31,46.28,0.9220,,,
ANDC1LOF,601.319574,23.67,23.98,0.9914,1.23,1.03,-0.238
ANTC1HOF,703.479499,27.7,28.60,0.9763,,,
APCC1LOF,907.770265,35.74,38.14,0.9495,1.06,1.02,-0.111
ARCC1LOF,1793.025159,70.59,62.62,1.1285,1.01,1.02,0.118
AROC1LOF,566.568359,22.31,23.36,0.9619,1.13,1.06,-0.168
AVYC1LLF,1312.255555,51.66,55.66,0.9349,,,
AVYC1LMF,1394.799057,54.91,50.89,1.0869,,,
AWEC1LOF,550.403637,21.67,24.14,0.8995,1.36,1.1,-0.461
BCAC1LLF,592.888193,23.34,30.17,0.7858,1.59,1.16,-0.804
BCAC1LUF,619.483726,24.39,31.64,0.7829,1.6,1.26,-0.817
BCKC1HOF,592.918279,23.34,24.63,0.9534,1.1,1.04,-0.147
BDBC1LOF,997.822692,39.28,36.72,1.0669,1.03,1.03,0.037
BHNC1HOF,700.833023,27.59,28.57,0.9691,1.12,1.03,-0.151
BKCC1HLF,1617.990709,63.7,64.28,0.9942,1.08,1.07,-0.086
BKCC1HUF,1821.562608,71.72,66.14,1.0880,0.96,0.98,0.128
BLBC1LLF,752.141295,29.61,28.95,1.0209,1.01,1.12,0.011
BLBC1LUF,1306.007822,51.42,55.76,0.9231,1.26,1.1,-0.337
BLKC1HOF,2359.372716,92.89,72.85,1.2765,0.89,1.03,0.386
BNCC1HOF,456.570719,17.98,18.88,0.9579,1.33,1.11,-0.372
BOYO3LLF,580.277525,22.85,24.70,0.9318,1.17,1.17,-0.238
BOYO3LUF,1122.58537,44.2,43.63,1.0215,1.65,1.26,-0.629
BPRC1HLF,396.535674,15.61,19.14,0.8200,1.21,0.98,-0.39
BPRC1HUF,793.696405,31.25,31.87,0.9877,1.24,1.08,-0.252
BRDC1LOF,431.815995,17,16.99,1.0087,1.26,1.07,-0.251
BRGC1HOF,1753.428547,69.03,61.78,1.1188,0.92,0.93,0.199
BSCC1HOF,1197.579242,47.15,48.31,0.9832,,,
BSRC1HOF,1128.772375,44.44,46.80,0.9584,1.28,1.09,-0.322
BTEC1HOF,1200.519358,47.26,44.95,1.0591,1.17,1,-0.111
BTYO3HLF,409.953948,16.14,17.26,0.9360,1.33,1.14,-0.394
BTYO3HUF,652.350709,25.68,25.57,1.0085,1.57,1.28,-0.561
BURC1LLF,1151.758297,45.34,50.05,0.9121,1.01,1.07,-0.098
BURC1LUF,1673.306089,65.88,63.23,1.0479,1.18,1.1,-0.132
BWKC1HOF,1855.509022,73.05,67.31,1.0964,0.99,1.04,0.106
CADC1HOF,645.493707,25.41,28.06,0.9123,,,
CBAC1LLF,1218.655183,47.98,52.51,0.9213,1.2,1.12,-0.279
CBAC1LUF,1269.002346,49.96,50.70,0.9934,1.01,1.18,-0.017
CCHC1LOF,781.570137,30.77,25.54,1.2038,1,0.98,0.204
CDLC1LOF,1225.4251,48.25,41.06,1.1820,0.97,1.03,0.212
CEGC1LLF,1344.871498,52.95,54.01,0.9817,0.95,0.97,0.032
CEGC1LUF,1840.331645,72.45,72.67,0.9992,0.93,0.98,0.069
CEMC1HLF,824.495702,32.46,39.57,0.8266,1.15,1.45,-0.323
CEMC1HUF,1159.792804,45.66,47.22,0.9750,1.15,1.26,-0.175
CFWC1LOF,1062.346352,41.82,42.62,0.9870,1.21,1.06,-0.223
CHLC1LOF,401.875946,15.82,16.71,0.9551,1.14,1.02,-0.185
CHSO3LLF,451.206215,17.76,20.48,0.8705,1.41,1.08,-0.539
CHSO3LUF,686.453989,27.03,25.25,1.0765,1.55,1.23,-0.474
CHVC1HLF,1237.968124,48.74,47.97,1.0319,1.16,1.05,-0.128
CHVC1HMF,1318.78995,51.92,49.90,1.0567,1.1,1.03,-0.043
CHVC1HUF,1586.422316,62.46,60.33,1.0513,1.17,1.13,-0.119
CKEC1HLF,403.100714,15.87,15.68,1.0115,1.36,1.11,-0.348
CKEC1HUF,502.872901,19.8,20.05,0.9886,1.53,1.19,-0.541
CLKC1LOF,938.359157,36.94,38.32,0.9680,1.13,1.07,-0.162
CLLC1HOF,454.749197,17.9,16.56,1.0827,1.09,1.01,-0.007
CMIC1LOF,491.538505,19.35,24.13,0.8063,,,
CMPC1HLF,1098.102636,43.23,44.87,0.9712,1.11,1,-0.139
CMPC1HMF,1378.918488,54.29,53.32,1.0270,,,
CMPC1HUF,1472.240838,57.96,57.42,1.0185,1.07,1.02,-0.051
CNBC1LLF,389.862987,15.35,16.62,0.9239,1.26,1.24,-0.336
CNBC1LUF,629.063363,24.77,23.80,1.0416,1.34,1.4,-0.299
COTC1HLF,1036.149305,40.79,40.80,0.9992,1.07,1.08,-0.071
COTC1HUF,1486.784351,58.53,61.23,0.9550,1.12,1.16,-0.165
COYC1HOF,584.118736,23,24.85,0.9336,1.15,1.03,-0.217
CREC1HOF,2753.915823,108.42,109.80,0.9920,1.11,1.17,-0.118
CSKC1LOF,559.593259,22.03,23.78,0.9286,1.1,1.05,-0.171
CTIC1HOF,888.353204,34.97,36.42,0.9647,1.25,1.18,-0.285
CVQC1LOF,561.660381,22.11,26.12,0.8482,1.47,1.14,-0.622
CWAC1HLF,934.370207,36.79,38.08,0.9647,1.09,1.05,-0.125
CWAC1HUF,1566.044959,61.66,56.68,1.0877,1.04,1.12,0.048
CWCC1HLF,1186.798624,46.72,44.30,1.0565,1.03,1.11,0.027
CWCC1HUF,1429.967901,56.3,60.69,0.9306,1.22,1.32,-0.289
CYBC1HOF,400.63441,15.77,14.30,1.1013,0.85,0.96,0.251
CYEC1LOF,511.763929,20.15,24.13,0.8396,1.26,1.07,-0.42
DCMC1LOF,410.651072,16.17,14.10,1.1523,1.53,1.17,-0.378
DCSC1HOF,1370.299032,53.95,51.29,1.0565,1.1,1.1,-0.044
DCVC1HLF,1412.655861,55.62,52.04,1.0710,1.03,1.02,0.041
DCVC1HUF,1564.957745,61.61,49.32,1.2501,0.93,0.96,0.32
DCWC1HOF,839.672916,33.06,32.59,1.0207,1.3,1.07,-0.279
DEPC1HLF,353.740329,13.93,11.13,1.2469,0.95,1,0.297
DEPC1HUF,538.687898,21.21,15.61,1.3535,1.18,1,0.173
DIXN2HLF,305.405803,12.02,11.74,1.0336,1.15,1.27,-0.116
DIXN2HUF,645.305569,25.41,25.15,1.0198,1.66,1.6,-0.64
DKHC1HOF,559.392082,22.02,35.13,0.6262,1.82,1,-1.194
DLMC1HLF,650.927709,25.63,27.17,0.9462,1.34,1.07,-0.394
DLMC1HUF,1000.466992,39.39,40.79,0.9690,1.46,1.04,-0.491
DLTC1HLF,1709.431193,67.3,61.26,1.0969,1.04,1,0.057
DLTC1HUF,1590.038871,62.6,53.84,1.1613,1.08,1,0.081
DMCC1HOF,1355.295654,53.36,55.98,0.9587,1.1,1,-0.141
DNRC1HOF,1190.951403,46.89,48.74,0.9756,0.98,1.09,-0.004
DOSC1HLF,1388.26513,54.66,56.62,0.9659,1.15,1.06,-0.184
DOSC1HUF,1876.058045,73.86,72.55,1.0194,1.25,1.05,-0.231
DRYC1HOF,478.187501,18.83,18.93,0.9984,1.32,1.08,-0.322
DSNC1HOF,418.114212,16.46,17.45,0.9476,1.36,1.08,-0.412
DVGN2HLF,323.309958,12.73,14.00,0.9130,1.29,1.42,-0.377
DVGN2HUF,603.602641,23.76,22.51,1.0599,1.37,1.56,-0.31
DVSC1HOF,751.18134,29.57,29.67,1.0059,,,
EDCC1HLF,849.149403,33.43,36.01,0.9254,1.19,1.19,-0.265
EDCC1HUF,1188.840004,46.8,55.64,0.8385,1.49,1.36,-0.651
EDOC1HLF,1140.959998,44.92,47.18,0.9612,1.2,1.04,-0.239
EDOC1HUF,1384.64159,54.51,51.36,1.0709,0.95,1.12,0.121
EFBC1HOF,565.835324,22.28,23.78,0.9391,,,
ELPC1HOF,557.081514,21.93,22.32,0.9824,1.18,1,-0.198
EPRC1HOF,839.827393,33.06,25.47,1.2994,0.85,0.97,0.45
ESRC1HOF,372.701139,14.67,13.92,1.0566,1.05,1.03,0.007
ETTC1HOF,2405.511298,94.71,77.86,1.2133,1.28,1.19,-0.067
EWSN2LLF,261.782528,10.31,14.35,0.7240,1.51,1.09,-0.786
EWSN2LUF,482.249013,18.99,20.10,0.9528,1.49,1.1,-0.537
EXQC1LLF,888.308384,34.97,33.45,1.0561,1.13,1.04,-0.074
EXQC1LMF,1135.605594,44.71,42.39,1.0659,1.09,1.04,-0.024
EXQC1LUF,1387.027849,54.61,47.13,1.1707,1.05,1.02,0.121
FARC1LLF,618.490229,24.35,30.23,0.8178,1.36,1.16,-0.542
FARC1LUF,958.3026,37.73,40.80,0.9358,1.36,1.12,-0.424
FHDC1HOF,481.891097,18.97,18.96,1.0097,,,
FMDC1HOF,1687.885031,66.45,58.79,1.1368,1.04,1.07,0.097
FMWC1LOF,550.270844,21.66,21.98,0.9909,1.02,1.02,-0.029
FOCC1HOF,1804.604191,71.05,68.89,1.0395,1.16,1.05,-0.121
FOLC1LOF,946.425895,37.26,37.49,1.0007,1.14,1.04,-0.139
FRAC1HLF,795.400202,31.31,28.94,1.0873,1.04,1.03,0.047
FRAC1HMF,1051.547063,41.4,39.83,1.0558,1.09,1.03,-0.034
FRAC1HUF,1154.880345,45.47,42.90,1.0767,1.11,1.03,-0.033
FRGC1HOF,498.15144,19.61,22.14,0.8895,1.5,1.13,-0.61
FRNC1LOF,1523.701737,59.99,58.80,1.0211,1.05,0.97,-0.029
FSNC1LOF,345.448533,13.6,13.71,0.9876,1.24,1,-0.252
FTBC1HOF,1292.946215,50.9,48.68,1.0481,1.01,1.04,0.038
FTDC1LOF,2172.111366,85.52,85.38,1.0062,1.1,1.27,-0.094
FTJC1HLF,709.778626,27.94,26.06,1.0765,0.99,1.03,0.087
FTJC1HUF,1341.186382,52.8,36.94,1.4355,0.9,1.39,0.536
FTSC1LLF,1541.33107,60.68,57.43,1.0572,1.03,0.98,0.027
FTSC1LUF,1959.220686,77.13,67.05,1.1511,1.15,0.99,0.001
GARC1LOF,481.603248,18.96,19.63,0.9644,1.18,1.04,-0.216
GERO3HLF,449.005329,17.68,20.46,0.8658,1.55,1.21,-0.684
GERO3HUF,521.468306,20.53,22.13,0.9281,1.56,1.25,-0.632
GEYC1LOF,1150.507478,45.3,46.03,0.9906,,,
GRCC1HOF,1494.40279,58.83,44.08,1.3396,0.91,1,0.43
GRDN2LLF,569.964892,22.44,21.89,1.0345,1.22,1.03,-0.186
GRDN2LUF,653.701428,25.74,35.01,0.7419,1.68,1.11,-0.938
GSJC1LOF,479.965366,18.9,20.44,0.9315,0.93,0.99,0.001
GSRC1HOF,1474.626667,58.06,50.25,1.1592,1.03,1.05,0.129
GUAC1HOF,1002.145833,39.45,44.06,0.9030,,,
GUDC1LOF,592.974502,23.35,25.75,0.9137,1.14,1.03,-0.226
GUEC1LOF,1231.902317,48.5,50.50,0.9650,1.04,1.01,-0.075
GYRC1HLF,1690.335395,66.55,67.73,0.9947,1.07,1.06,-0.075
GYRC1HUF,1833.147154,72.17,67.57,1.0794,1.1,1.09,-0.021
HAPC1HLF,1700.622962,66.95,63.16,1.0583,1.03,0.94,0.028
HAPC1HUF,2168.649699,85.38,69.97,1.2183,1.06,0.96,0.158
HAWC1HOF,513.968615,20.23,27.80,0.7301,1.58,1,-0.85
HCHC1HOF,756.685147,29.79,27.55,1.0868,1.1,1,-0.013
HCTC1HOF,1151.268522,45.33,46.53,0.9821,1.09,1.07,-0.108
HEAC1LOF,1044.751539,41.13,41.54,0.9967,1.12,1.1,-0.123
HETC1HLF,1082.496591,42.62,43.72,0.9898,1.11,1.04,-0.12
HETC1HMF,1252.345341,49.3,47.84,1.0448,1.16,1.06,-0.115
HETC1HUF,1284.868714,50.59,49.91,1.0276,1.2,1.04,-0.172
HIDC1HOF,760.486185,29.94,31.15,0.9640,1.2,1.06,-0.236
HKCC1HOF,1511.759441,59.52,61.20,0.9768,1.18,1.09,-0.203
HLLC1LLF,1598.6435,62.94,50.06,1.2636,0.88,0.92,0.384
HLLC1LUF,1525.822964,60.07,54.88,1.1012,1.07,1.02,0.031
HOOC1LLF,1568.955947,61.77,62.95,0.9862,0.95,1.05,0.036
HOOC1LUF,1836.657223,72.31,74.13,0.9804,1.12,1.1,-0.14
HOPC1LOF,1164.144615,45.83,43.78,1.0521,1.06,1.06,-0.008
HOSC1LOF,422.226162,16.62,16.78,0.9988,1.19,1.08,-0.191
HOUC1HOF,1154.749571,45.46,40.49,1.1276,0.95,1.02,0.178
HOYN2LLF,386.060807,15.2,20.23,0.7608,0.88,1.01,-0.119
HOYN2LUF,673.212128,26.5,29.31,0.9144,1.08,1.03,-0.165
HPIC1HMF,1107.260385,43.59,43.57,1.0109,1.06,1.03,-0.049
HPIC1HUF,1261.429721,49.66,45.20,1.1101,1.08,1.04,0.03
HRCN2LLF,303.029565,11.93,12.94,0.9286,1.51,1.51,-0.581
HRCN2LUF,456.312812,17.97,19.19,0.9442,2.3,1.88,-1.356
HREN2LLF,319.084286,12.56,13.15,0.9586,1.19,1.5,-0.231
HREN2LUF,706.954833,27.83,25.22,1.1127,1.41,1.34,-0.297
HSAC1HOF,550.381119,21.67,20.85,1.0364,0.74,0.93,0.296
HYMC1LLF,1234.327437,48.6,45.05,1.0809,0.89,0.97,0.191
HYMC1LUF,1886.29689,74.26,53.01,1.4037,1.31,1.05,0.094
ICHC1HOF,1275.059135,50.2,53.85,0.9410,1.13,1.26,-0.189
IIFC1LLF,916.834713,36.1,28.60,1.2723,1.32,1.09,-0.048
IIFC1LUF,718.031896,28.27,37.02,0.7698,1.09,0.98,-0.32
ILAC1HOF,1272.91442,50.11,54.33,0.9315,1.24,1.24,-0.308
INVC1LOF,909.504997,35.81,27.82,1.2938,0.88,0.98,0.414
IRGC1LLF,578.535092,22.78,26.40,0.8695,1.6,1.08,-0.731
IRGC1LUF,917.140089,36.11,33.27,1.0945,1.67,1.41,-0.576
ISAC1LLF,345.699553,13.61,15.35,0.8865,1.08,1.01,-0.193
ISAC1LMF,545.268836,21.47,20.22,1.0644,1.3,1.08,-0.236
ISAC1LUF,801.490607,31.55,29.79,1.0603,1.19,1.03,-0.13
JKRC1HOF,1728.219442,68.04,63.56,1.0807,1.01,1,0.071
JNSC1LLF,1590.16322,62.6,61.11,1.0314,1.01,1.05,0.021
JNSC1LUF,1863.000303,73.35,66.31,1.1138,0.99,1.06,0.124
KCVC1HOF,1246.08178,49.06,53.52,0.9202,1.11,1.05,-0.19
KCYC1HOF,463.240114,18.24,18.09,1.0106,1.54,1.27,-0.529
KELO3LLF,375.20376,14.77,15.52,0.9539,,,
KELO3LUF,476.94881,18.78,19.57,0.9614,,,
KEOO3LLF,413.919503,16.3,18.92,0.8676,1.3,0.99,-0.433
KEOO3LUF,651.545013,25.65,24.06,1.0732,1.34,1.02,-0.267
KKVC1HLF,620.922454,24.45,26.20,0.9330,,,
KKVC1HMF,862.526879,33.96,28.27,1.2042,,,
KKVC1HUF,788.187216,31.03,27.79,1.1234,,,
KLAO3LLF,591.812375,23.3,25.75,0.9122,1.06,1.13,-0.148
KLAO3LUF,1336.931984,52.64,52.79,1.0050,1.39,1.36,-0.385
KLMC1LLF,2295.76139,90.38,78.79,1.1524,0.98,1.05,0.172
KLMC1LUF,2422.345772,95.37,91.27,1.0497,1.23,1.19,-0.18
KNBC1HOF,635.284328,25.01,29.25,0.8536,1.17,1.11,-0.316
KNFC1LOF,630.745017,24.83,26.03,0.9578,,,
KTRC1HLF,764.638802,30.1,31.52,0.9551,,,
KTRC1HMF,1074.89323,42.32,41.10,1.0349,,,
KTRC1HUF,1144.632774,45.06,37.31,1.2117,,,
LAMC1HOF,1118.211297,44.02,43.78,1.0106,1.1,1.11,-0.089
LBDC1HOF,333.45452,13.13,13.71,0.9655,,,
LBEC1LOF,884.815618,34.84,36.17,0.9697,1.08,1,-0.11
LCLN2HOF,780.085049,30.71,31.62,0.9804,1.52,2.1,-0.539
LEGC1HOF,1936.297942,76.23,71.67,1.0631,1.02,0.94,0.043
LEXC1HOF,1128.688044,44.44,44.36,1.0108,1.19,1,-0.179
LGAC1LOF,337.584684,13.29,10.99,1.2127,1.15,1.2,0.063
LGCC1HOF,557.235055,21.94,18.64,1.1909,1.43,1.09,-0.239
LHPN2HLF,340.81503,13.42,14.93,0.9063,1.58,1.26,-0.674
LHPN2HUF,566.497555,22.3,23.00,0.9779,1.69,1.49,-0.712
LKPC1LOF,573.58703,22.58,17.65,1.2879,0.93,0.96,0.358
LLYC1HOF,845.663975,33.29,27.92,1.1951,0.96,1,0.235
LNLC1HOF,1373.278183,54.07,47.20,1.1547,0.95,1.08,0.205
LNRC1HLF,1265.878326,49.84,47.46,1.0664,1.21,1.06,-0.144
LNRC1HMF,1307.727038,51.49,48.50,1.0782,1.12,1.04,-0.042
LNRC1HUF,1563.317701,61.55,59.06,1.0583,1.22,1.14,-0.162
LRZC1HOF,690.127835,27.17,22.12,1.2358,1.15,1.09,0.086
LSEC1LOF,955.052962,37.6,37.80,1.0003,,,
LTDC1HOF,481.155227,18.94,18.30,1.0402,1.19,1.02,-0.15
LVKC1HOF,550.009592,21.65,21.37,1.0165,1.15,1.1,-0.133
LWDC1HOF,620.522144,24.43,25.37,0.9682,1.26,0.97,-0.292
LWON2HLF,354.351088,13.95,15.57,0.9060,,,
LWON2HUF,775.887274,30.55,25.65,1.2036,,,
MARN2HLF,460.475127,18.13,23.90,0.7641,1.6,1.5,-0.836
MARN2HUF,572.205222,22.53,31.21,0.7282,1.87,1.79,-1.142
MAUC1HOF,1799.410652,70.84,74.25,0.9567,1.05,0.94,-0.093
MBON2HLF,400.190364,15.76,17.50,0.9016,1.31,1.61,-0.409
MBON2HUF,709.367087,27.93,30.31,0.9256,1.61,2.3,-0.684
MCNC1LOF,612.621005,24.12,23.64,1.0270,1.12,0.99,-0.093
MDCN2HLF,433.404274,17.06,17.19,1.0017,1.75,1.5,-0.748
MDCN2HUF,660.097144,25.99,25.16,1.0380,1.94,1.9,-0.902
MDSC1LOF,366.810753,14.44,13.34,1.0874,1.28,1.12,-0.193
MEEC1LOF,344.74817,13.57,14.42,0.9458,1.23,1.08,-0.284
MFAC1LOF,1363.33625,53.67,54.79,0.9848,1.1,1.07,-0.115
MFPC1LLF,1588.968124,62.56,64.34,0.9776,,,
MFPC1LUF,1690.280188,66.55,72.16,0.9278,,,
MFTC1LLF,511.481576,20.14,20.00,1.0163,1.07,1.03,-0.054
MFTC1LUF,691.062995,27.21,26.85,1.0231,1.13,1.16,-0.107
MHBC1LOF,853.849572,33.62,35.61,0.9530,1.14,1.02,-0.187
MHSN2LLF,308.121228,12.13,11.77,1.0317,1.18,1.47,-0.148
MHSN2LUF,562.335153,22.14,21.01,1.0587,1.66,1.7,-0.601
MLMC1HLF,1208.03157,47.56,44.27,1.0735,1.02,1,0.054
MLMC1HUF,1966.892355,77.44,69.64,1.1129,1.16,0.98,-0.047
MLPC1HLF,680.56976,26.79,27.09,0.9929,1.22,1.04,-0.227
MLPC1HUF,946.048239,37.25,38.48,0.9721,1.41,1.04,-0.438
MMCC1HLF,1390.197595,54.73,55.03,0.9957,1.18,1.09,-0.184
MMCC1HUF,1398.998468,55.08,57.41,0.9578,1.17,1.12,-0.212
MPAC1HOF,638.62131,25.14,26.48,0.9549,1.17,1.05,-0.215
MPTC1HOF,611.679284,24.08,24.04,1.0041,1.21,1.05,-0.206
MRMC1LLF,1465.275113,57.69,55.84,1.0410,1,1,0.041
MRMC1LUF,1471.698231,57.94,57.28,1.0210,1.03,1.05,-0.009
MRNC1LOF,1792.945389,70.59,67.55,1.0433,1.08,0.94,-0.037
MRYC1LOF,783.910495,30.86,30.90,1.0063,1.24,1.05,-0.234
MSGC1LOF,526.501108,20.73,21.59,0.9662,1.28,1.08,-0.314
MSSC1LLF,1702.19037,67.02,67.80,0.9871,1.03,1.03,-0.043
MSSC1LUF,1735.382125,68.32,61.44,1.1129,1.01,1.06,0.103
MSYC1HLF,359.279863,14.14,18.17,0.7770,,,
MSYC1HUF,563.427871,22.18,27.96,0.7920,,,
MTOC1LOF,2524.92146,99.41,79.65,1.2449,1.21,1.08,0.035
MTSC1HLF,633.528924,24.94,32.36,0.7823,1.23,1.09,-0.448
MTSC1HUF,939.899056,37,35.46,1.0616,1.2,1.04,-0.138
MUPC1HOF,1128.166959,44.42,51.26,0.8709,1.24,1.12,-0.369
MUTC1HOF,370.975321,14.61,12.77,1.1425,1.14,1,0.002
MVVC1LOF,233.628728,9.2,9.65,0.9510,1.58,1,-0.629
MWEC1LOF,938.620498,36.95,37.96,0.9774,,,
MWXC1LOF,300.965236,11.85,13.45,0.8790,1.2,1,-0.321
NACC1LOF,548.877376,21.61,19.05,1.1415,0.94,0.96,0.202
NBBC1LLF,1715.65545,67.55,75.78,0.9023,1.11,1.1,-0.208
NBBC1LUF,1894.462516,74.59,74.45,1.0142,0.97,1.01,0.044
NBYC1HOF,667.187318,26.27,23.61,1.1203,1.04,0.95,0.08
NCOC1LOF,574.725222,22.63,21.54,1.0561,1.16,1.05,-0.104
NDPC1LLF,922.946492,36.34,36.97,0.9931,1.2,1.05,-0.207
NDPC1LMF,1214.985706,47.83,44.59,1.0875,1.08,1.03,0.008
NDPC1LUF,1430.578001,56.32,54.35,1.0504,1.15,1.04,-0.1
NDVC1HMF,1466.809645,57.75,58.44,0.9961,,,
NDVC1HUF,1599.447927,62.97,60.42,1.0506,,,
NFDC1HLF,1424.089866,56.07,56.29,1.0031,1.11,1.06,-0.107
NFDC1HUF,1778.278255,70.01,65.72,1.0703,1.09,1.13,-0.02
NFEC1LLF,992.648045,39.08,45.48,0.8649,1.15,1.02,-0.285
NFEC1LUF,1224.549378,48.21,50.84,0.9537,1.16,1.04,-0.206
NHGC1HOF,877.24859,34.54,36.62,0.9485,1.19,1.03,-0.242
NILC1LOF,549.798889,21.65,18.93,1.1486,1.12,1.08,0.028
NMFC1HLF,1533.82346,60.39,62.06,0.9800,1.09,1.08,-0.11
NMFC1HUF,1726.834543,67.99,67.46,1.0151,1.09,1.21,-0.075
NMSC1LLF,1004.343954,39.54,40.85,0.9754,1.13,1.01,-0.155
NMSC1LMF,1341.798291,52.83,47.27,1.1261,1.02,1.02,0.106
NMSC1LUF,1539.457022,60.61,53.60,1.1395,1.12,0.99,0.02
NRWC1LOF,557.109025,21.93,19.78,1.1072,0.96,1,0.147
NSWC1HMF,1421.086818,55.95,54.95,1.0269,,,
NSWC1HUF,1552.89954,61.14,59.20,1.0415,,,
NVRC1HOF,1235.559224,48.64,42.10,1.1618,0.94,0.98,0.222
OBBC1LOF,509.049657,20.04,13.59,1.4784,,,
ONSC1LLF,1876.627018,73.88,71.21,1.0408,0.97,1.13,0.071
ONSC1LUF,2455.027337,96.65,82.33,1.1777,1.19,1.17,-0.012
ORDC1LLF,1612.082503,63.47,64.86,0.9870,1.05,1.02,-0.063
ORDC1LUF,1987.072962,78.23,83.14,0.9468,1.04,1,-0.093
OREC1HOF,441.271402,17.37,19.01,0.9190,0.92,1.01,-0.001
ORFC1LOF,725.548404,28.56,26.71,1.0652,1.07,1.04,-0.005
ORIC1LOF,2050.336475,80.72,68.80,1.1748,1.04,1.12,0.135
OURC1LLF,1608.31076,63.32,68.68,0.9301,1.13,1.07,-0.2
OURC1LUF,1803.810392,71.02,68.67,1.0469,1.07,1.05,-0.023
OWCC1HOF,486.923471,19.17,20.29,0.9502,1.38,1.11,-0.43
PALN2LLF,306.173589,12.05,12.33,0.9841,1.37,1.35,-0.386
PALN2LUF,471.344592,18.56,16.50,1.1340,1.29,1.54,-0.156
PCGC1HOF,1163.285734,45.8,46.24,0.9963,1.06,1.02,-0.064
PCNC1HLF,346.816357,13.65,10.82,1.2598,1.11,1,0.15
PCNC1HUF,560.972496,22.09,15.70,1.3990,1.05,1,0.349
PFTC1HLF,762.027374,30,30.56,0.9882,1.12,1,-0.132
PFTC1HMF,1045.544402,41.16,39.52,1.0482,1.22,1.04,-0.172
PFTC1HUF,1072.192908,42.21,39.21,1.0825,1.14,1.03,-0.057
PHOC1HOF,513.374719,20.21,15.48,1.3122,0.89,0.98,0.422
PIIC1HOF,457.731041,18.02,20.26,0.8971,1.51,1.05,-0.613
PITC1LLF,813.194847,32.02,34.04,0.9428,1.29,1.21,-0.347
PITC1LUF,739.930363,29.13,32.55,0.8976,1.05,0.98,-0.152
PLBC1HLF,1324.68089,52.15,54.05,0.9670,1.12,1.07,-0.153
PLBC1HUF,1528.042928,60.16,54.94,1.0987,1.04,0.98,0.059
PLGC1LLF,1480.703869,58.3,54.15,1.0826,0.97,1.02,0.113
PLGC1LUF,1766.203417,69.54,60.02,1.1624,0.98,1.03,0.182
PLLC1HLF,926.176994,36.46,34.78,1.0564,1.06,1.02,-0.003
PLLC1HUF,1193.777269,47,44.59,1.0599,1.11,0.99,-0.05
PLYC1HLF,388.8326,15.31,16.62,0.9215,1.6,1.23,-0.679
PLYC1HUF,596.066739,23.47,23.20,1.0147,1.74,1.34,-0.725
PNEC1HOF,335.656446,13.21,12.42,1.0729,1.19,1.04,-0.117
POHC1LLF,1027.817878,40.47,39.53,1.0371,1.02,1.03,0.017
POHC1LMF,1140.754544,44.91,44.39,1.0224,1.07,1.03,-0.048
POHC1LUF,1353.735784,53.3,46.69,1.1535,1.07,1.03,0.083
PRBC1HOF,617.57846,24.31,22.96,1.0623,1.1,0.99,-0.038
PSRC1HLF,664.999999,26.18,33.94,0.7821,1.42,1.2,-0.638
PSRC1HUF,1082.408609,42.61,51.37,0.8407,1.43,1.24,-0.589
PTTC1HOF,430.062398,16.93,15.18,1.1213,1.05,1.07,0.071
PYMC1HOF,534.473211,21.04,17.74,1.1915,0.72,0.94,0.472
RBBC1HOF,1453.097852,57.21,56.80,1.0132,1.17,1.18,-0.157
RCVC1HOF,875.2957,34.46,36.79,0.9390,1.17,1.2,-0.231
RDGC1LOF,1499.348675,59.03,61.94,0.9542,1.29,1.07,-0.336
RDRC1HOF,749.184689,29.5,25.32,1.1742,0.79,0.97,0.384
RIPC1LOF,369.025,14.53,13.59,1.0719,1.21,1.07,-0.138
RMKC1HOF,1181.578467,46.52,47.50,0.9853,,,0.985
RMSC1LOF,837.481257,32.97,35.81,0.9252,1.29,1.05,-0.365
ROCN2HLF,301.204715,11.86,11.68,1.0243,1.25,1.21,-0.226
ROCN2HUF,545.960783,21.49,18.75,1.1541,1.29,1.61,-0.136
ROLC1HLF,1560.096202,61.42,61.33,1.0076,1.05,1.09,-0.042
ROLC1HUF,1772.788574,69.79,70.30,0.9988,1.05,1.09,-0.051
RRGC1LOF,1513.961962,59.6,51.72,1.1614,1.01,1.16,0.152
RUFC1LLF,1429.24087,56.27,60.79,0.9303,1.1,1.09,-0.17
RUFC1LUF,1599.936933,62.99,56.82,1.1140,1,0.99,0.114
SACC1LOF,585.957194,23.07,22.29,1.0411,1.12,1.05,-0.079
SAMC1LOF,560.817769,22.08,19.59,1.1350,1.05,1.05,0.085
SBRC1HLF,1386.63938,54.59,54.69,1.0017,0.97,1.13,0.032
SBRC1HUF,1649.319552,64.93,60.19,1.0839,1.08,1.04,0.004
SCBC1HLF,1104.529738,43.49,48.61,0.9010,1.1,1.05,-0.199
SCBC1HUF,1322.08687,52.05,57.66,0.9118,1.25,1.11,-0.338
SCNO3HLF,468.061456,18.43,22.61,0.8190,1.43,1.11,-0.611
SCNO3HUF,687.980393,27.09,26.34,1.0322,1.43,1.39,-0.398
SCOC1LOF,1665.09476,65.55,60.72,1.0804,1.06,0.95,0.021
SCPC1LOF,445.775207,17.55,18.12,0.9731,1.16,1,-0.187
SCRN2LLF,374.631276,14.75,15.57,0.9579,0.93,1.12,0.028
SCRN2LUF,1008.294508,39.7,36.77,1.0911,1.39,1.12,-0.299
SCSC1LLF,560.536973,22.07,23.01,0.9610,1.21,1.09,-0.249
SCSC1LMF,1035.879771,40.78,42.98,0.9534,1.12,1.09,-0.166
SCSC1LUF,1218.501166,47.97,50.48,0.9547,1.06,1.07,-0.105
SCWN2LLF,291.372253,11.47,11.66,0.9925,,,0.993
SCWN2LUF,749.64674,29.51,24.68,1.2086,,,1.209
SDDC1LOF,376.421062,14.82,15.14,0.9877,1.38,1.11,-0.392
SEIC1LLF,743.87053,29.29,30.14,0.9741,1.04,1.08,-0.066
SEIC1LUF,1413.183678,55.64,50.90,1.0943,1.3,1.48,-0.206
SESC1HOF,832.373028,32.77,21.17,1.5482,0.88,0.97,0.668
SFCC1HOF,791.858028,31.18,32.15,0.9747,1.07,1.04,-0.095
SFYC1HLF,1581.518,62.26,55.63,1.1210,0.91,0.94,0.211
SFYC1HUF,1917.365513,75.49,59.50,1.2708,1,0.94,0.271
SGEC1LLF,825.186883,32.49,28.83,1.1277,0.91,1.08,0.218
SGEC1LUF,1507.695728,59.36,51.53,1.1543,1.01,1.1,0.144
SGNC1HOF,988.500002,38.92,43.56,0.9028,1.52,1.2,-0.617
SHDC1LOF,1778.840184,70.03,70.29,0.9975,1.14,0.98,-0.142
SHEC1HOF,1057.267076,41.62,41.67,1.0105,1.02,1.01,-0.009
SHRC1LOF,502.887591,19.8,19.00,1.0406,1.24,1,-0.199
SKPC1HOF,1116.911529,43.97,44.94,0.9845,1.29,1.07,-0.305
SKRC1HLF,370.916809,14.6,17.26,0.8460,,,0.846
SKRC1HMF,499.827812,19.68,18.89,1.0424,,,1.042
SKRC1HUF,554.620761,21.84,20.34,1.0777,,,1.077
SLOC1LOF,379.947219,14.96,13.65,1.0971,1.12,1,-0.023
SLUC1HOF,582.370293,22.93,19.37,1.1812,1.06,1.01,0.121
SMHC1LOF,405.673195,15.97,12.90,1.2351,0.96,1,0.275
SNRC1LOF,414.802177,16.33,17.75,0.9261,1.5,1.04,-0.574
SOLC1HOF,791.210746,31.15,26.84,1.1678,0.98,0.96,0.188
SOSC1HLF,1197.460659,47.14,48.67,0.9777,1.14,1.03,-0.162
SOSC1HUF,1361.843647,53.62,50.85,1.0646,0.99,1.09,0.075
SPRC1LOF,410.733648,16.17,15.18,1.0678,1.05,1.01,0.018
SREC1LLF,504.181941,19.85,23.22,0.8534,1.33,1,-0.477
SREC1LUF,1028.598567,40.5,36.90,1.0976,1.75,1,-0.653
SRWC1HLF,647.015644,25.47,27.62,0.9230,1.44,1.18,-0.517
SRWC1HUF,874.090685,34.41,31.48,1.0906,1.46,1,-0.369
SSAC1HOF,955.448445,37.62,39.54,0.9566,,,0.956
SSQC1HOF,646.088288,25.44,23.42,1.0836,1.02,1.01,0.063
STPC1LLF,659.437098,25.96,32.75,0.7998,1.36,1.09,-0.56
STPC1LUF,1026.306223,40.41,44.39,0.9198,1.21,1.09,-0.29
STVC1LOF,364.051245,14.33,13.61,1.0584,1.32,1.15,-0.261
STWN2LLF,406.131498,15.99,15.68,1.0326,1.18,0.98,-0.147
STWN2LUF,720.588314,28.37,27.32,1.0499,1.5,1.08,-0.45
SUAC1LOF,1790.638769,70.5,69.43,1.0257,1.08,1.07,-0.054
SUSC1HLF,733.230963,28.87,31.29,0.9262,1.22,1.17,-0.294
SUSC1HUF,925.130373,36.42,34.92,1.0448,1.26,1.22,-0.215
SVCC1LLF,1372.079307,54.02,55.54,0.9811,1.12,1.1,-0.139
SVCC1LUF,1466.604272,57.74,55.00,1.0590,1.08,1.06,-0.021
SVIC1HOF,436.611875,17.19,17.11,1.0031,1.21,1,-0.207
SVWC1HOF,767.049342,30.2,35.61,0.8473,1.47,1.17,-0.623
TAHC1HOF,878.998827,34.61,38.66,0.9043,1.21,1.05,-0.306
TCCC1HLF,1487.590448,58.57,60.71,0.9649,,,0.965
TCCC1HUF,1579.596641,62.19,64.00,0.9719,,,0.972
TCRC1HLF,926.230883,36.47,42.72,0.8514,1.29,1.24,-0.439
TCRC1HUF,1401.243981,55.17,65.46,0.8403,1.57,1.33,-0.73
TEHC1LLF,773.614231,30.46,29.28,1.0375,1.05,1.02,-0.013
TEHC1LUF,1629.596109,64.16,54.64,1.1740,1.11,1.11,0.064
TEKC1HOF,457.200064,18,20.65,0.8722,1.43,1,-0.558
TESC1HOF,436.610842,17.19,17.17,1.0097,1.38,1.07,-0.37
THTC1LOF,614.910803,24.21,24.87,0.9808,1.59,1.15,-0.609
TIMC1HOF,425.240314,16.74,18.28,0.9145,1.45,1,-0.535
TMDC1LLF,678.512544,26.71,27.39,0.9753,1.23,1.03,-0.255
TMDC1LMF,995.788441,39.2,40.00,0.9834,1.31,1.04,-0.326
TMDC1LUF,1031.637705,40.62,36.84,1.1065,1.1,1,0.006
TRCC1LOF,1289.889096,50.78,50.23,1.0220,1.15,1.08,-0.128
TRJC1LLF,1071.231244,42.17,42.16,1.0022,0.96,1,0.042
TRJC1LUF,1645.86961,64.8,57.90,1.1225,1.29,1.1,-0.168
TRRN2LLF,368.162847,14.49,13.80,1.0583,0.83,1.18,0.229
TRRN2LUF,706.484327,27.81,27.19,1.0365,1.3,1.11,-0.263
TSLC1HOF,314.312607,12.37,15.07,0.8215,1.17,1,-0.348
TVRC1HLF,661.123032,26.03,27.47,0.9495,,,0.949
TVRC1HMF,965.728226,38.02,39.93,0.9570,,,0.957
TVRC1HUF,1227.247998,48.32,50.94,0.9530,,,0.953
TWDC1LOF,521.395263,20.53,17.77,1.1523,0.76,0.94,0.392
UKAC1HOF,1199.198317,47.21,45.57,1.0406,0.98,1.02,0.061
UNVC1HLF,1417.848708,55.82,52.83,1.0658,1.05,1.06,0.016
UNVC1HUF,1345.448561,52.97,51.75,1.0332,1.06,1.16,-0.027
VCAC1LOF,578.877951,22.79,18.93,1.2079,,,1.208
VISN2LOF,222.904722,8.78,8.92,0.9920,1.2,1.12,-0.208
VLKC1LOF,372.980045,14.68,17.80,0.8245,1.49,1,-0.665
VRVC1HOF,798.219809,31.43,23.08,1.3622,0.94,0.97,0.422
VWBC1LOF,700.308109,27.57,26.45,1.0384,1.06,1.13,-0.022
WARC1HOF,534.032114,21.02,17.15,1.2368,1.2,1.08,0.037
WBGC1HLF,1864.368948,73.4,78.63,0.9375,1.14,1.23,-0.202
WBGC1HUF,2004.165394,78.9,84.57,0.9361,1.12,1.19,-0.184
WFMC1LOF,519.007986,20.43,31.78,0.6423,1.43,1.04,-0.788
WHSC1HOF,1493.726215,58.81,65.89,0.8984,1.21,1.03,-0.312
WIPC1HLF,420.71486,16.56,16.93,0.9774,,,0.978
WIPC1HUF,789.067932,31.07,30.29,1.0242,,,1.024
WKAO3HLF,630.231064,24.81,23.43,1.0666,1.08,0.98,-0.013
WKAO3HUF,903.487952,35.57,34.57,1.0371,1.24,1.14,-0.203
WMSO3LLF,584.859131,23.03,22.06,1.0476,1.19,1.04,-0.143
WMSO3LUF,799.434226,31.47,30.02,1.0533,1.52,1.19,-0.467
WOOC1HOF,1090.111962,42.92,47.61,0.9093,1.23,1.16,-0.321
WSDC1HOF,1381.481578,54.39,49.93,1.0981,0.97,1.1,0.128
WWBC1HLF,711.676186,28.02,29.04,0.9738,1.05,1.25,-0.076
WWBC1HUF,1099.987465,43.31,42.80,1.0212,1.12,1.15,-0.099
WWHN2LLF,280.99681,11.06,16.43,0.6851,1.18,1.25,-0.495
WWHN2LUF,633.004145,24.92,27.70,0.9052,1.63,1.06,-0.725
WWIC1LLF,186.53562,7.34,9.46,0.7716,1.22,1,-0.448
WWIC1LUF,534.104333,21.03,28.51,0.7331,1.71,1,-0.977
YDRC1LOF,454.271322,17.88,13.35,1.3407,1.17,1,0.171
YREC1HLF,608.443703,23.95,21.66,1.1132,1.05,1.17,0.063
YREC1HUF,1053.054109,41.46,32.10,1.2999,1.13,1.26,0.17
YTLC1LOF,798.001898,31.42,29.43,1.0653,1.28,1.11,-0.215
YUBC1LOF,742.966222,29.25,29.98,0.9824,1.15,1.06,-0.168
,,,,,,,
,,,,,,,
,,,,1.0180,,,
,,,,1.5480,,,
,,,,0.6260,,,
,,,,,,,
,,,,,,,
,,,,,,,
,,,,,,,
,,,,1.0130,,,
,,,,1.5480,,,
